Nome Fantasia;Razão Social;CNPJ/CPF;Telefone;E-mail;Cidade;Estado;Endereço;Número;Bairro;CEP;Status;Data Cadastro
AERO CHAVE;AERO CHAVE;—;17988414140;—;SAO JOSE DO RIO PRETO;SP;—;—;—;—;approved;22/07/2026
ARTS CHAVEIRO;ARTS CHAVEIRO;—;—;—;GOIANIA;GO;—;—;—;—;approved;31/07/2026
BRUNO GOIÂNIA;BRUNO GOIÂNIA;—;—;—;GOIANIA;GO;—;—;—;—;approved;31/07/2026
CENTER CHAVES;CENTER CHAVES;—;—;—;—;—;—;—;—;—;approved;11/08/2026
CHAV3IRO JEFERSON;CHAV3IRO JEFERSON;—;17 99132-4656;—;SAO JOSE DO RIO PRETO;SP;—;—;—;—;approved;23/07/2026
CHAVEIRO 13 DE MAIO;CHAVEIRO 13 DE MAIO;—;(16) 3627-6826;—;RIBEIRÃO PRETO;SP;AV. TREZE DE MAIO;777;JARDIM PAULISTANO;14090-270;approved;15/07/2026
CHAVEIRO ABC;CHAVEIRO ABC;—;61996140483;—;—;—;—;—;—;—;approved;30/07/2026
CHAVEIRO ADEMAR;CHAVEIRO ADEMAR;—;16993078867;—;SERTAOZINHO;SP;—;—;—;—;approved;05/08/2026
CHAVEIRO ADRIANO;CHAVEIRO ADRIANO;—;61991338722;—;BRASILIA;DF;—;—;—;—;approved;28/07/2026
CHAVEIRO ASAS;CHAVEIRO ASAS;—;61984748000;—;BRASILIA;DF;—;—;—;—;approved;30/07/2026
CHAVEIRO ASAS SUL;CHAVEIRO ASAS SUL;—;34998651112;—;BRASILIA;DF;—;—;—;—;approved;30/07/2026
CHAVEIRO BOM JESUS;CHAVEIRO BOM JESUS;—;17981160455;—;BARRETOS;SP;—;—;—;—;approved;21/07/2026
CHAVEIRO CAMPEÃO CONSTRUÇÃO;CHAVEIRO CAMPEÃO CONSTRUÇÃO;—;34998651112;—;BRASILIA;DF;—;—;—;—;approved;30/07/2026
CHAVEIRO CANAA;CHAVEIRO CANAA;—;17992647541;—;—;—;—;—;—;—;approved;12/08/2026
CHAVEIRO CASA NOVA;CHAVEIRO CASA NOVA;—;34998651112;—;UBERABA;MG;—;—;—;—;approved;10/07/2026
CHAVEIRO COIMBRA;CHAVEIRO COIMBRA;—;—;—;GOIANIA;GO;—;—;—;—;approved;31/07/2026
CHAVEIRO DR DAS CHAVES;CHAVEIRO DR DAS CHAVES;—;1699398-3707;—;RIBEIRÃO PRETO;SP;—;—;—;—;approved;09/07/2026
CHAVEIRO E CARIMBOS MAIAMI;CHAVEIRO E CARIMBOS MAIAMI;—;(16) 3636-6185;—;RIBEIRÃO PRETO;SP;AV. DO CAFÉ;348;VILA TIBERIO;14050-220;approved;15/07/2026
CHAVEIRO E CIA;CHAVEIRO E CIA;—;17981944295;—;SAO JOSE DO RIO PRETO;SP;—;—;—;—;approved;23/07/2026
CHAVEIRO ELLOS;CHAVEIRO ELLOS;—;61991246561;—;BRASILIA;DF;—;—;—;—;approved;28/07/2026
CHAVEIRO ESTORIL;CHAVEIRO ESTORIL;—;—;—;—;—;—;—;—;—;approved;12/08/2026
CHAVEIRO EXPRESS;CHAVEIRO EXPRESS;—;61984067000;—;BRASILIA;DF;—;—;—;—;approved;30/07/2026
CHAVEIRO FIO DE OURO;CHAVEIRO FIO DE OURO;—;61983510044;—;BRASILIA;DF;—;—;—;—;approved;30/07/2026
CHAVEIRO FLASH;CHAVEIRO FLASH;—;34998651112;—;BRASILIA;DF;—;—;—;—;approved;28/07/2026
CHAVEIRO FLASH 2;CHAVEIRO FLASH 2;—;34998651112;—;BRASILIA;DF;—;—;—;—;approved;28/07/2026
CHAVEIRO FOGUINHO;CHAVEIRO FOGUINHO;—;—;—;RIBEIRÃO PRETO;—;—;—;—;—;approved;04/08/2026
CHAVEIRO G;CHAVEIRO G;—;34998651112;—;BRASILIA;DF;—;—;—;—;approved;28/07/2026
CHAVEIRO JADEL;CHAVEIRO JADEL;—;16993901937;—;SERTAOZINHO;SP;—;—;—;—;approved;05/08/2026
CHAVEIRO JAPONES;CHAVEIRO JAPONES;—;1698117-6600;—;RIBEIRÃO PRETO;SP;—;—;—;—;approved;09/07/2026
CHAVEIRO JEFERSON;CHAVEIRO JEFERSON;—;16994196467;—;SERTAOZINHO;SP;—;—;—;—;approved;05/08/2026
CHAVEIRO JP;CHAVEIRO JP;—;17988201505;—;SAO JOSE DO RIO PRETO;SP;—;—;—;—;approved;23/07/2026
CHAVEIRO LIDER;CHAVEIRO LIDER;—;34998651112;—;BRASILIA;DF;—;—;—;—;approved;29/07/2026
CHAVEIRO MAIAMI;CHAVEIRO MAIAMI;—;16992453913;—;RIBEIRÃO PRETO;SP;EM MAOS;1;—;38400454;approved;08/07/2026
CHAVEIRO MARIO;CHAVEIRO MARIO;—;—;—;RIBEIRÃO PRETO;SP;R. JOÃO MOBÍGLIA;—;JARDIM MANOEL PENNA;14098-300;approved;22/07/2026
CHAVEIRO PARAGUAI;CHAVEIRO PARAGUAI;—;—;—;GOIANIA;GO;—;—;—;—;approved;31/07/2026
CHAVEIRO PONTO IDEAL;CHAVEIRO PONTO IDEAL;—;61991267204;—;BRASILIA;DF;—;—;—;—;approved;28/07/2026
CHAVEIRO RELOJ ADRIANO;CHAVEIRO RELOJ ADRIANO;—;6199343538;—;BRASILIA;DF;—;—;—;—;approved;28/07/2026
CHAVEIRO REQUINTE;CHAVEIRO REQUINTE;—;16988300003;—;RIBEIRÃO PRETO;SP;—;—;—;—;approved;09/07/2026
CHAVEIRO RESOLV;CHAVEIRO RESOLV;—;1698166-8781;—;RIBEIRÃO PRETO;SP;—;—;—;—;approved;09/07/2026
CHAVEIRO SÃO DEOCLECIANO;CHAVEIRO SÃO DEOCLECIANO;—;179992278254;—;SAO JOSE DO RIO PRETO;SP;—;—;—;—;approved;22/07/2026
CHAVEIRO TECNOCHAVE;CHAVEIRO TECNOCHAVE;—;61991581318;—;BRASILIA;DF;—;—;—;—;approved;28/07/2026
CHAVEIRO TONIN;CHAVEIRO TONIN;—;—;—;—;—;—;—;—;—;approved;13/08/2026
CHAVEIRO XINXA;CHAVEIRO XINXA;—;34998651112;—;BRASILIA;DF;—;—;—;—;approved;30/07/2026
DAVI CHAVEIRO;DAVI CHAVEIRO;—;34998651112;—;UBERABA;MG;—;—;—;—;approved;10/07/2026
DENYS;DENYS;—;34998651112;—;UBERLANDIA;MG;—;—;—;—;approved;22/07/2026
DURAN & SPAGNOL CHAVEIRO 24HORAS;DURAN & SPAGNOL CHAVEIRO 24HORAS;—;(16) 99961-4557;—;RIBEIRÃO PRETO;SP;R. AURORA;1043;VILA TIBERIO;14050-100;approved;15/07/2026
DURAN SPAGNOL;DURAN SPAGNOL;—;1699961-4557;—;RIBEIRÃO PRETO;SP;—;—;—;—;approved;09/07/2026
ELDER CHAVEIRO;ELDER CHAVEIRO;—;61974006924;—;BRASILIA;DF;—;—;—;—;approved;29/07/2026
ENIGMA;ENIGMA;—;34998651112;—;BRASILIA;DF;—;—;—;—;approved;29/07/2026
FRANK CHAVEIRO;FRANK CHAVEIRO;—;—;—;SÃO JOSÉ DO RIO PRETO;SP;—;—;—;—;approved;13/08/2026
JAFFAS;JAFFAS;—;61984901457;—;BRASILIA;DF;—;—;—;—;approved;29/07/2026
JR CHAVEIRO;JR CHAVEIRO;—;17-99123-5061;—;BARRETOS;SP;—;—;—;—;approved;21/07/2026
LB CHAVES;LB CHAVES;—;34998651112;—;RIBEIRÃO PRETO;SP;—;—;—;—;approved;09/07/2026
LUNAR SOM;LUNAR SOM;—;—;—;—;—;—;—;—;—;approved;12/08/2026
MAGAIVER;MAGAIVER;—;34998651112;—;BRASILIA;DF;—;—;—;—;approved;29/07/2026
MARCÃO CHAVE;MARCÃO CHAVE;—;34998651112;—;BRASILIA;DF;—;—;—;—;approved;29/07/2026
MARIO CHAVEIRO;MARIO CHAVEIRO;—;17991422550;—;SAO JOSE DO RIO PRETO;SP;—;—;—;—;approved;22/07/2026
OPÇÃO CHAVEIRO;OPÇÃO CHAVEIRO;—;34998651112;—;BRASILIA;DF;—;—;—;—;approved;28/07/2026
RAFA SOUND;RAFA SOUND;—;16981170557;—;RIBEIRÃO PRETO;SP;—;—;—;—;approved;09/07/2026
SOM MAIS;SOM MAIS;—;34998651112;—;BRASILIA;DF;—;—;—;—;approved;29/07/2026
SOS CHAVES;SOS CHAVES;—;34998651112;—;UBERABA;MG;—;—;—;—;approved;10/07/2026
TAGUÁ CHAVES;TAGUÁ CHAVES;—;61974008512;—;BRASILIA;DF;—;—;—;—;approved;29/07/2026
TESTE;TESTESTE;—;34998651112;—;TESTE;—;—;—;—;—;approved;21/07/2026
